{
    "loss": [
        0.1807977259159088,
        0.07408982515335083
    ],
    "rmse": [
        0.3168696165084839,
        0.19892658293247223
    ],
    "val_loss": [
        0.05199899896979332,
        0.030514998361468315
    ],
    "val_rmse": [
        0.21630971133708954,
        0.15934988856315613
    ],
    "learning_rate": [
        0.0003000000142492354,
        0.0003000000142492354
    ]
}