{
    "loss": [
        0.1568373590707779
    ],
    "rmse": [
        0.29679030179977417
    ],
    "val_loss": [
        0.04658596217632294
    ],
    "val_rmse": [
        0.20304681360721588
    ],
    "learning_rate": [
        0.0003000000142492354
    ]
}