{
    "loss": [
        0.18971562385559082
    ],
    "rmse": [
        0.3180621862411499
    ],
    "val_loss": [
        0.05889784172177315
    ],
    "val_rmse": [
        0.23120224475860596
    ],
    "learning_rate": [
        0.0003000000142492354
    ]
}