{
    "loss": [
        0.15146371722221375,
        0.06509604305028915,
        0.05965356528759003,
        0.057115428149700165,
        0.05332755669951439,
        0.041152168065309525,
        0.03685615584254265,
        0.03659563139081001,
        0.03476005047559738,
        0.03439711034297943
    ],
    "rmse": [
        0.2857203483581543,
        0.18029268085956573,
        0.1706293672323227,
        0.1671493798494339,
        0.16055667400360107,
        0.13765422999858856,
        0.12885475158691406,
        0.12813955545425415,
        0.12435854971408844,
        0.12370360642671585
    ],
    "val_loss": [
        0.035808730870485306,
        0.02860616147518158,
        0.027054613456130028,
        0.02523118071258068,
        0.02178894355893135,
        0.01675976999104023,
        0.017293255776166916,
        0.016134625300765038,
        0.017317723482847214,
        0.017060644924640656
    ],
    "val_rmse": [
        0.174868643283844,
        0.15322643518447876,
        0.1484532356262207,
        0.1426083743572235,
        0.13041143119335175,
        0.1100129634141922,
        0.11290434002876282,
        0.10814803838729858,
        0.11393344402313232,
        0.11323684453964233
    ],
    "learning_rate": [
        0.0003000000142492354,
        0.0003000000142492354,
        0.0003000000142492354,
        0.0003000000142492354,
        0.0003000000142492354,
        0.0003000000142492354,
        0.0003000000142492354,
        0.0003000000142492354,
        0.0003000000142492354,
        0.0003000000142492354
    ]
}