{
    "loss": [
        0.20274414122104645
    ],
    "rmse": [
        0.3272169530391693
    ],
    "val_loss": [
        0.0581979863345623
    ],
    "val_rmse": [
        0.23056432604789734
    ],
    "learning_rate": [
        0.0003000000142492354
    ]
}