{
    "loss": [
        0.16420750319957733,
        0.0657036229968071
    ],
    "rmse": [
        0.2933179438114166,
        0.1806732565164566
    ],
    "val_loss": [
        0.0346536822617054,
        0.02967270463705063
    ],
    "val_rmse": [
        0.171621635556221,
        0.15663287043571472
    ],
    "learning_rate": [
        0.0003000000142492354,
        0.0003000000142492354
    ]
}