{
    "loss": [
        0.1804007738828659,
        0.06868291646242142,
        0.05965319275856018,
        0.05735202878713608,
        0.0552927628159523,
        0.049201495945453644,
        0.03857477754354477,
        0.03729606419801712,
        0.03452146425843239,
        0.03415385261178017
    ],
    "rmse": [
        0.31449565291404724,
        0.1873786598443985,
        0.17085641622543335,
        0.16714251041412354,
        0.1640065759420395,
        0.15308940410614014,
        0.13236984610557556,
        0.12952640652656555,
        0.12381982803344727,
        0.122934989631176
    ],
    "val_loss": [
        0.05110727623105049,
        0.029770247638225555,
        0.027006108313798904,
        0.026254957541823387,
        0.02560403011739254,
        0.0182504765689373,
        0.01690034009516239,
        0.016929183155298233,
        0.016799885779619217,
        0.01650962419807911
    ],
    "val_rmse": [
        0.21418462693691254,
        0.1568208783864975,
        0.14807011187076569,
        0.145870178937912,
        0.14399008452892303,
        0.11611281335353851,
        0.11064989864826202,
        0.1112421452999115,
        0.111099474132061,
        0.1102248951792717
    ],
    "learning_rate": [
        0.0003000000142492354,
        0.0003000000142492354,
        0.0003000000142492354,
        0.0003000000142492354,
        0.0003000000142492354,
        0.0003000000142492354,
        0.0003000000142492354,
        0.0003000000142492354,
        0.0003000000142492354,
        0.0003000000142492354
    ]
}