{
    "loss": [
        0.147391676902771
    ],
    "rmse": [
        0.2957037687301636
    ],
    "val_loss": [
        0.05991147831082344
    ],
    "val_rmse": [
        0.23425394296646118
    ],
    "learning_rate": [
        0.0003000000142492354
    ]
}