{
    "loss": [
        0.16980156302452087,
        0.06780445575714111
    ],
    "rmse": [
        0.30558279156684875,
        0.18490467965602875
    ],
    "val_loss": [
        0.03969413787126541,
        0.030445842072367668
    ],
    "val_rmse": [
        0.185770645737648,
        0.15919151902198792
    ],
    "learning_rate": [
        0.0003000000142492354,
        0.0003000000142492354
    ]
}