{
    "loss": [
        0.20387700200080872
    ],
    "rmse": [
        0.3356321156024933
    ],
    "val_loss": [
        0.07889492064714432
    ],
    "val_rmse": [
        0.271335244178772
    ],
    "learning_rate": [
        0.0003000000142492354
    ]
}