{
    "loss": [
        0.1293015033006668
    ],
    "rmse": [
        0.27027377486228943
    ],
    "val_loss": [
        0.03603498265147209
    ],
    "val_rmse": [
        0.17590956389904022
    ],
    "learning_rate": [
        0.0003000000142492354
    ]
}