{
    "loss": [
        0.16144520044326782
    ],
    "rmse": [
        0.3032403588294983
    ],
    "val_loss": [
        0.044652435928583145
    ],
    "val_rmse": [
        0.198482945561409
    ],
    "learning_rate": [
        0.0003000000142492354
    ]
}