{
    "rmse": 14.987798178461079,
    "nasa_score": 449.63226318359375,
    "classification_report": {
        "Non-Critical": {
            "precision": 0.9605263157894737,
            "recall": 0.9733333333333334,
            "f1-score": 0.9668874172185431,
            "support": 75.0
        },
        "Critical": {
            "precision": 0.9166666666666666,
            "recall": 0.88,
            "f1-score": 0.8979591836734694,
            "support": 25.0
        },
        "accuracy": 0.95,
        "macro avg": {
            "precision": 0.9385964912280702,
            "recall": 0.9266666666666667,
            "f1-score": 0.9324233004460063,
            "support": 100.0
        },
        "weighted avg": {
            "precision": 0.9495614035087718,
            "recall": 0.95,
            "f1-score": 0.9496553588322746,
            "support": 100.0
        }
    }
}