{
    "rmse": 59.97136767997083,
    "nasa_score": 85108.5625,
    "classification_report": {
        "False": {
            "precision": 1.0,
            "recall": 0.79,
            "f1-score": 0.88268156424581,
            "support": 100.0
        },
        "True": {
            "precision": 0.0,
            "recall": 0.0,
            "f1-score": 0.0,
            "support": 0.0
        },
        "accuracy": 0.79,
        "macro avg": {
            "precision": 0.5,
            "recall": 0.395,
            "f1-score": 0.441340782122905,
            "support": 100.0
        },
        "weighted avg": {
            "precision": 1.0,
            "recall": 0.79,
            "f1-score": 0.8826815642458101,
            "support": 100.0
        }
    }
}