{
    "rmse": 15.282471652822915,
    "nasa_score": 444.59088134765625,
    "classification_report": {
        "Non-Critical": {
            "precision": 0.9487179487179487,
            "recall": 0.9866666666666667,
            "f1-score": 0.9673202614379085,
            "support": 75.0
        },
        "Critical": {
            "precision": 0.9545454545454546,
            "recall": 0.84,
            "f1-score": 0.8936170212765957,
            "support": 25.0
        },
        "accuracy": 0.95,
        "macro avg": {
            "precision": 0.9516317016317016,
            "recall": 0.9133333333333333,
            "f1-score": 0.930468641357252,
            "support": 100.0
        },
        "weighted avg": {
            "precision": 0.9501748251748251,
            "recall": 0.95,
            "f1-score": 0.9488944513975802,
            "support": 100.0
        }
    }
}