{
    "rmse": 31.00177882843731,
    "nasa_score": 5161.0869140625,
    "classification_report": {
        "Non-Critical": {
            "precision": 0.75,
            "recall": 1.0,
            "f1-score": 0.8571428571428571,
            "support": 75.0
        },
        "Critical": {
            "precision": 0.0,
            "recall": 0.0,
            "f1-score": 0.0,
            "support": 25.0
        },
        "accuracy": 0.75,
        "macro avg": {
            "precision": 0.375,
            "recall": 0.5,
            "f1-score": 0.42857142857142855,
            "support": 100.0
        },
        "weighted avg": {
            "precision": 0.5625,
            "recall": 0.75,
            "f1-score": 0.6428571428571428,
            "support": 100.0
        }
    }
}